<?xml version="1.0" encoding="UTF-8"?>
<beans xmlns="http://www.springframework.org/schema/beans"
       xmlns:context="http://www.springframework.org/schema/context"
       xmlns:mvc="http://www.springframework.org/schema/mvc"
       xmlns:aop="http://www.springframework.org/schema/aop"
       xmlns:tx="http://www.springframework.org/schema/tx"
       xmlns:xsi="http://www.w3.org/2001/XMLSchema-instance"
       xsi:schemaLocation="http://www.springframework.org/schema/beans http://www.springframework.org/schema/beans/spring-beans.xsd
    http://www.springframework.org/schema/context http://www.springframework.org/schema/context/spring-context.xsd
    http://www.springframework.org/schema/mvc http://www.springframework.org/schema/mvc/spring-mvc.xsd
    http://www.springframework.org/schema/aop http://www.springframework.org/schema/aop/spring-aop.xsd
    http://www.springframework.org/schema/tx http://www.springframework.org/schema/tx/spring-tx.xsd
">
    <context:component-scan base-package="c.h">
        <context:exclude-filter type="annotation"  expression="org.springframework.stereotype.Controller"/>
    </context:component-scan>
    <context:property-placeholder location="classpath:druid.properties"/>
    <bean id="ds" class="com.alibaba.druid.pool.DruidDataSource">
        <property name="url" value="${jdbc.url}"/>
        <property name="driverClassName" value="${jdbc.driverClassName}"/>
        <property name="username" value="${jdbc.username}"/>
        <property name="password" value="${jdbc.password}"/>
    </bean>
    <bean id = "sqlSessionFactoryBean" class="org.mybatis.spring.SqlSessionFactoryBean">
        <property name="dataSource" ref="ds"/>
        <property name="configLocation" value="classpath:SqlMapConfig.xml"/>
    </bean>
<!--    扫描mapper所在的包 为mapper创建实现类-->
    <bean class="org.mybatis.spring.mapper.MapperScannerConfigurer">
        <property name="basePackage" value="c.h.dao.mapper"/>
    </bean>
        <!--配置处理器映射器-->
    <!--<bean class="org.springframework.web.servlet.mvc.method.annotation.RequestMappingHandlerAdapter">-->
    <!--    <property name="messageConverters">-->
    <!--        <list>-->
    <!--            <bean class="org.springframework.http.converter.json.MappingJackson2HttpMessageConverter"/>-->
    <!--        </list>-->
    <!--    </property>-->
    <!--</bean>-->
</beans>