<?xml version="1.0" encoding="UTF-8"?>
<beans xmlns="http://www.springframework.org/schema/beans"
       xmlns:context="http://www.springframework.org/schema/context"
       xmlns:mvc="http://www.springframework.org/schema/mvc"
       xmlns:xsi="http://www.w3.org/2001/XMLSchema-instance"
       xsi:schemaLocation="http://www.springframework.org/schema/beans http://www.springframework.org/schema/beans/spring-beans.xsd
    http://www.springframework.org/schema/context http://www.springframework.org/schema/context/spring-context.xsd
    http://www.springframework.org/schema/mvc http://www.springframework.org/schema/mvc/spring-mvc.xsd">
    <context:component-scan base-package="c.h.controller"/>
    <mvc:annotation-driven/>
<!--    配置前后缀-->
<!--    <bean id = "viewResolver" class="org.springframework.web.servlet.view.InternalResourceViewResolver">-->
<!--        <property name="prefix"></property>-->
<!--        <property name="suffix"></property>-->
<!--    </bean>-->
<!--    配置处理器映射器-->
<!--    <bean class="org.springframework.web.servlet.mvc.method.annotation.RequestMappingHandlerAdapter">-->
<!--        <property name="messageConverters">-->
<!--            <list>-->
<!--                <bean class="org.springframework.http.converter.json.MappingJackson2HttpMessageConverter"/>-->
<!--            </list>-->
<!--        </property>-->
<!--    </bean>-->
<!--    mvc 注解驱动 用默认的配置来配置处理器映射器-->
    <mvc:default-servlet-handler/>
<!--    配置文件上传解释器-->
<!--    <bean id = "multipartResolver" class="org.springframework.web.multipart.commons.CommonsMultipartResolver">-->
<!--        <property name="defaultEncoding" value="utf-8"></property>-->
<!--    </bean>-->
    <mvc:resources mapping="/img/**" location="WEB-INF/img/"/>
	<mvc:resources mapping="/js/**" location="WEB-INF/js/"/>
    <mvc:resources mapping="/fonts/**" location="WEB-INF/fonts/"/>
    <mvc:resources mapping="/css/**" location="WEB-INF/css/"/>

</beans>