<?xml version="1.0" encoding="UTF-8"?>
<!DOCTYPE configuration PUBLIC "-//mybatis.org//DTD Config 3.0//EN"
        "http://mybatis.org/dtd/mybatis-3-config.dtd">
<configuration>
	<settings>
		<setting name="mapUnderscoreToCamelCase" value="True"/>
	</settings>
	<!--定义类型别名-->
	<typeAliases>
		<typeAlias type="c.h.domain.User" alias="User"/>
	</typeAliases>
	<plugins>
		<plugin interceptor="com.github.pagehelper.PageInterceptor">
			<property name="reasonable" value="true"/>
		</plugin>
	</plugins>
</configuration>